x,y,t,z,target
1.762407589534247476e+00,8.715201520864601648e-01,2.034817699948521241e+00,1.531102912200660970e+00,2.862468736360010979e+00
1.162135805304735037e+00,2.723188052987794094e+00,2.232096414904127801e+00,3.063516837673965765e-01,2.817416869235578325e+00
3.615073165690934509e+00,1.970314561088818639e+00,3.289450571670127221e+00,1.601978052586454204e+00,2.923719667229226271e+00
2.119367763779899771e+00,7.431689766593890800e-01,2.942110752538306784e+00,3.575421725540399720e-01,2.143774215762262347e+00
8.896189069183618736e-01,2.638002127903586125e+00,2.104822381569158019e+00,3.280059863968854295e+00,2.427566370804218110e+00
2.451080715968802615e+00,6.548154652623584537e-01,4.056953424847086764e-01,3.301393154407145314e+00,9.519508367604271326e-01
6.653357833592616899e-01,3.169239703632825700e-02,9.832783729818658225e-01,2.253918648752308407e+00,2.546601249784528953e+00
1.660647019206830111e-01,3.932754181554412476e+00,2.656927190922554249e+00,2.643463985721358434e+00,3.749877927705362435e+00
1.625151180020410147e+00,3.621784910417163328e+00,5.029328706572293584e-01,1.609997363031470785e+00,3.167047489455381726e+00
1.324366782961266809e-01,2.227387963157437589e+00,2.344600138458812211e+00,1.352199197393833541e-01,2.887246052431929666e+00
1.868768340425875030e+00,9.082379653294599953e-01,1.913428833405577123e+00,2.173102320321076864e+00,2.665434283327463127e+00
1.820441584338614582e+00,8.362468031543025537e-01,3.619028967419476217e+00,2.310163163065450664e+00,2.614212318382918898e+00
4.605499295676231952e-01,2.349378115449787252e+00,2.932810982102490804e+00,3.457349159054439625e+00,2.347701465156109446e+00
2.917262906280324142e+00,2.065106632560928634e+00,2.597914619011046367e-01,1.198725569364269994e+00,2.207373047906974417e+00
6.212953321178151800e-01,3.358449527723557537e+00,1.683266584181063896e+00,6.572104974462619764e-02,2.907184867241682014e+00
3.908579663464976761e+00,3.064475893537466966e+00,7.605924614669525852e-01,6.471450424485603037e-01,2.469163889908933651e+00
1.269815956914295052e+00,8.148106771952177141e-01,1.630387586758624607e+00,2.270772785730302612e+00,2.690287652827316744e+00
1.228432289148312373e+00,1.700336632279605631e+00,7.886419217339435406e-01,8.359540782144949667e-01,2.630596487213331169e+00
2.160443163273314315e+00,3.264975751713677266e+00,2.255761612580558850e+00,1.488257195160804569e+00,3.460109859732529713e+00
2.203149043654656580e+00,6.606738228804898139e-01,2.182595324341467968e+00,3.903833945916694415e+00,1.050684240060936414e+00
2.978913536142176355e+00,2.382569846292782678e+00,5.602174570679807619e-01,3.167743253851866836e+00,1.586627078659972323e+00
1.447126339927028216e+00,2.688687858800887565e+00,2.946278460709199187e+00,3.768796077142924084e+00,1.861625467990860816e+00
1.017156193510928341e+00,3.441545666579560958e+00,1.972795414468639486e+00,7.316539647868319785e-01,3.433210077733759302e+00
9.923329133908951327e-01,1.581303277713680844e+00,2.223399699781655858e+00,2.787663178958011301e+00,2.590892154786673451e+00
5.554937391138589087e-01,1.830831875009177878e+00,2.635571115937149766e+00,1.726277671273505065e+00,3.460108556083477893e+00
2.064532470855641400e+00,1.208018470180693971e+00,3.202235898988561758e+00,1.079052937769942933e+00,2.798064470728351960e+00
3.794224604366250198e+00,2.078194687209464320e+00,2.010877330349333025e+00,3.143976552088610266e+00,1.905191143177644708e+00
5.324736572859632977e-01,2.718584860982455442e+00,3.695428209400458908e+00,1.510965866986542894e+00,3.741157691163941923e+00
1.911449689705775890e-01,2.505530599087973376e-01,2.579802444943068984e+00,2.132112385568310842e+00,3.088498262965727825e+00
1.527494505204270325e+00,2.054380086685446027e+00,2.714292750119310593e+00,1.283578205495266245e+00,3.202372137153782106e+00
3.239976277262700766e+00,9.558562460766908409e-01,3.592262479995981916e+00,2.750064289690063113e+00,2.080468727640949922e+00
7.212184968217053571e-01,3.015156091981750386e+00,8.507685105832378802e-01,1.366829205352036114e+00,3.435937729758826720e+00
1.143502611639799937e+00,3.767913960408385554e-01,4.482471426962882921e-01,7.442526506455440227e-01,2.033757452178083902e+00
3.641468265831042661e+00,1.917959932206237506e+00,1.881847239942345262e-01,1.849399822699899998e+00,2.057915698898237444e+00
1.036701156577421790e+00,2.749228318605549504e+00,7.369608850408110312e-01,3.000193834832700635e+00,2.350839320064120219e+00
8.317534110187818630e-01,1.307688795441239282e+00,7.690603366476113090e-01,3.454519007541482889e+00,1.586803143838718011e+00
2.326667668430308478e+00,9.290540386631366276e-01,2.958300444678905627e+00,1.913802378710258711e+00,2.744938918493187163e+00
2.382416207042188816e+00,2.025341596157422153e+00,3.931400821055938355e+00,3.918633769129624689e+00,1.380017493410112817e+00
3.285325477888852763e+00,3.878199263227050331e+00,6.336122798031390557e-01,2.039558441375552533e+00,2.989659203915886909e+00
3.438407710829133546e+00,3.892291903390018071e+00,2.772915088852281773e+00,3.780850004955601307e+00,1.923017769613211581e+00
1.080182430968237739e+00,2.391005687079043318e-01,2.819652378583952235e+00,7.649135904283488330e-01,2.610194513773814950e+00
6.807203828862051775e-01,3.658059378898763203e+00,1.069460704977735155e+00,8.415798564149061800e-01,3.517916237631577570e+00
3.771793349835861342e+00,1.249032240457456311e+00,2.191405493349893874e+00,3.201193473471091178e+00,1.641291246924072578e+00
1.514099684127382828e+00,2.755589836057610320e+00,1.129896496615877322e+00,1.358404616940122711e+00,3.246574857316708584e+00
3.067834956512996314e+00,2.891889536604978161e+00,2.704378980053836035e+00,1.812237001927675895e+00,3.207984945822583089e+00
1.676050639452965063e+00,2.984528633687355104e+00,3.103023428051109867e-01,9.307408188532022564e-01,2.593868414497837893e+00
1.891739052812442479e+00,3.921500874342120024e+00,1.668044022554856509e+00,3.338921477624168244e+00,2.481428699611224697e+00
3.554166070010542633e+00,3.679420038877000643e+00,3.083799014691805507e+00,2.843283531788443508e+00,2.737242766309607500e+00
4.853472236943237594e-01,4.159633594319592231e-02,3.219119115750980864e+00,2.852455469769707541e+00,2.367960578917662762e+00
1.781302913702108581e+00,3.501065193457157498e+00,1.356559863228752327e+00,1.123361302836197284e+00,3.408300116361602239e+00
2.946669102066625801e+00,1.545006456146498230e+00,1.012434284685811425e+00,1.397913378575413867e+00,2.630168415364881440e+00
2.390235820326170657e+00,2.939082955846856748e+00,8.211077402221179655e-01,2.571702391502534546e+00,2.562489273027224623e+00
3.829077032939346203e+00,2.488004149953325417e+00,3.914121707648900550e+00,1.147622961325696300e+00,2.968159969181786817e+00
2.014939925054018754e+00,2.158337970696582453e-01,1.425845433002622897e+00,2.897996385407509479e+00,1.834393282909670297e+00
1.886434887324903942e+00,3.162563177628778810e+00,3.089047370497171929e+00,4.844606679746110700e-01,2.964591733899020642e+00
2.265995100606657875e+00,2.331398215398523543e+00,1.778530891658693713e+00,1.878262090784448946e+00,3.084117239291888968e+00
3.916526175203455473e+00,3.240859223650308873e+00,1.586425616613076794e+00,3.868504086080690740e+00,1.534274161529500358e+00
1.346537111142581900e+00,5.181184284208578683e-01,3.732678461471463094e-01,1.110770744135919808e+00,2.165056871001867833e+00
9.340681562386817793e-01,1.086546462949631087e+00,1.020974896245234742e+00,3.127449946627835597e+00,1.945148889743401277e+00
3.670272647586731551e+00,3.286034172119503438e+00,3.487942463658163739e+00,2.185733067505647220e+00,3.126887805621610283e+00
3.575841638279189549e+00,5.487186288446171262e-02,6.021966104058047026e-02,3.685206498120352503e+00,1.440416088273388517e-02
2.094597313523650861e+00,2.836531365206476973e+00,3.346890391190821212e+00,3.741729047527942775e+00,1.797070497718182835e+00
1.956848126565600143e+00,3.468714649329019739e+00,1.283604611708807131e+00,7.253391751047904012e-01,3.107125878543277153e+00
2.775568216502538821e+00,2.271936336044224625e+00,1.642566800592537568e+00,3.163464734098876407e-01,2.335954818578839465e+00
4.516713262043067223e-01,1.051203609961962382e+00,1.502951310516002226e-01,9.881678050620461562e-01,2.307369650909763870e+00
1.024827223741780369e+00,3.248922611504887925e+00,1.739570258708643458e+00,1.238446535690804984e+00,3.625172853384933891e+00
3.802437636830086731e+00,1.476494551440503900e+00,3.392311835020298538e+00,1.739147656591906621e+00,2.764416771179410315e+00
2.661558385030548202e+00,1.804881819555466116e+00,1.745822942292422741e+00,2.392359713939990584e+00,2.604154722908813557e+00
1.378047720724540959e+00,3.511414155131912018e+00,1.957279889953896790e+00,1.159415591997859929e+00,3.603598779949906739e+00
1.206610335393554889e+00,2.042689039748235125e+00,3.273601467444679169e+00,1.862118496004889101e+00,3.284915064694079678e+00
1.322967378270899497e+00,7.939620717841857633e-01,1.693993393258524272e+00,5.775570256928393986e-01,2.461212335674850316e+00
1.808198875931090077e+00,3.727391203204363457e+00,7.856404755086883462e-02,2.344952193199857149e+00,2.492346241224802306e+00
3.664381148599744065e-01,1.539520400865868499e+00,3.516265998478653731e+00,3.115071614507817443e+00,2.505062981996420746e+00
2.896936828527200802e+00,1.099750074376111719e+00,3.708254590846223664e+00,3.797097578239727600e-01,2.141472621641289376e+00
3.488999389434445320e+00,1.552733789432472200e+00,1.148366386285915919e+00,3.969413556844291202e-01,2.029701791841417968e+00
3.509961505026630846e+00,3.539608372001481928e+00,4.347862070676916657e-01,5.083616392097811687e-01,2.302117270681300898e+00
8.792208191723507316e-01,3.399767077828365736e+00,8.979708179342658081e-01,2.442260275210293763e+00,3.191686574958970457e+00
2.506940094480921033e+00,3.131381872274176636e+00,4.199648406256091815e-01,2.993774586417397465e+00,1.933607389191128068e+00
3.964393155068797192e+00,2.926612891877263589e+00,3.455495258305047557e+00,3.577983575933286975e+00,1.753902947990950700e+00
1.372120457033853880e+00,1.650201220204813746e+00,7.066573043816275490e-01,2.589470757474672702e+00,2.313317276761341912e+00
3.037837485669419024e+00,5.438765488660061154e-01,6.291235136968291730e-01,3.212267099446648455e+00,1.113608159083221416e+00
1.661421269388902999e+00,2.650943234721774733e+00,2.843022701153542275e+00,2.452773810803455579e+00,3.022358319127615101e+00
2.998056394098074784e-01,1.060255088730768680e+00,1.698668399411826790e+00,3.436000141645936812e-01,2.660427394370761256e+00
1.411480776480024124e+00,7.289652426995494316e-01,3.433046014507010302e+00,1.630884508442189240e+00,2.939385808196441463e+00
1.553226274532996110e+00,2.678011926484571426e+00,3.536112997867814745e+00,2.205494796526132006e+00,3.229325941524419097e+00
8.072686455256609106e-01,4.022249068549719198e-01,3.766135004544857612e+00,1.085835283676794605e+00,2.928335324958062369e+00
8.382300072317263595e-01,2.705402772091631380e+00,1.411298068771712488e+00,2.553775632316487521e+00,3.073925218326459152e+00
1.245377920744318523e+00,2.844407270147923050e+00,3.946162727764221057e+00,5.840311531710490334e-01,3.102944415964776770e+00
2.719487518581605201e+00,2.178165057218167000e+00,2.568569955818932993e+00,2.723450546252126347e+00,2.471920206819116839e+00
3.677091266736862263e+00,3.768212259497648819e+00,3.734118053503461265e+00,2.340766863605847625e+00,3.183211716064327401e+00
2.867937225724603412e+00,6.569717926018640852e-02,9.348512770452459542e-01,8.790198158497940506e-01,2.047695712935292622e+00
3.925616017448882999e+00,3.966487703217919325e+00,2.620160575298092098e+00,2.285014128514617493e+00,3.258288217167102374e+00
2.993260893188999905e+00,3.330591493351501065e+00,3.872783066241718863e+00,1.899976206769739884e+00,3.335754127940671054e+00
1.155787915208455585e+00,2.608699290311859986e-01,1.289447075442576862e+00,1.795680299879225839e+00,2.741562034975286721e+00
5.244286352052639488e-01,8.419872512309252155e-01,3.814160725745271208e+00,1.439589171743329565e+00,3.235435294590680133e+00
2.934194571329134860e+00,3.150176478630640209e-01,3.937612631292184417e-01,1.334542682479664677e+00,1.935547901612561628e+00
1.791644986056375899e+00,1.823487499995485983e+00,1.490003464693855140e+00,3.591312160506250795e+00,1.599806989935131707e+00
2.792760393580515643e+00,3.375829073151203286e+00,2.094484157725278628e+00,1.463895556649631224e+00,3.392683765432410681e+00
2.344792905132639049e+00,6.129340494326184219e-01,1.758074728800179010e+00,3.548143028605348803e+00,1.279697409760621962e+00
1.902278107594017609e+00,3.379989116375010205e+00,2.129964528310475558e+00,2.707011755475251302e+00,2.961571518652822199e+00
4.729162405882877951e-01,3.676391871348464457e-01,3.656201639577009388e+00,2.086396100845746115e+00,3.027458322114612521e+00
1.710432996209457990e+00,3.586765846446100969e+00,1.091272281056365978e+00,1.010092742867237658e-01,2.571723941411256487e+00
1.316438819755131995e+00,3.711564159128175611e+00,2.069152075211599051e+00,3.482595245313132803e+00,2.440802684563711189e+00
2.459580972472625304e-01,1.450930683908452146e+00,2.208142887673401500e+00,6.381412882615898896e-01,3.080975369004583353e+00
3.461584966271828989e+00,2.374656960602255840e+00,7.287200111283607118e-01,2.738566695167518716e+00,2.068486719724963230e+00
2.890393720426838176e-01,2.584742048619395938e+00,1.163780447866694878e+00,1.555747242556925425e+00,3.625747336061828197e+00
2.588283478318639919e+00,2.954830509565319341e-01,9.965506704430745488e-01,1.247161312942189904e+00,2.336349432791070324e+00
5.101199908593282428e-01,6.698810354201570894e-01,3.241491866358046980e+00,1.567139874697677238e+00,3.207880989481975753e+00
5.442465426765435987e-01,6.340260437952015549e-01,1.527922224696742104e+00,1.786176361513421407e+00,3.076694668988281478e+00
1.041364743748295130e+00,1.331782271782071980e+00,3.043620063452195268e+00,2.810541778678474323e+00,2.509183823547638248e+00
1.148573824419008682e+00,5.605745771240231434e-01,3.314841742672969715e+00,1.925792098017474752e+00,2.909650400354748090e+00
3.406411854486875335e+00,5.884231860325156438e-01,3.358820981752315582e+00,1.542498375571762281e+00,2.597023308917323359e+00
1.995407056690988057e+00,2.775000673592432854e+00,3.150622653022420727e-01,2.864289778648362095e+00,1.942370675373850109e+00
3.580892348847816820e+00,3.548543473843428053e+00,6.544940189697541211e-01,2.953294954885029799e+00,2.164783710334963640e+00
1.664974660037028320e+00,3.073721426197029594e+00,2.511413363904650087e+00,5.955620536442882695e-01,3.068876680107114119e+00
2.788720607162866738e+00,3.523131935836245177e+00,1.660486218996496177e+00,2.406985919490831183e+00,3.076416253681265811e+00
2.923348866406322966e+00,1.978062467277618808e+00,3.032129843650739787e+00,4.351685220102278762e-01,2.413827159424053459e+00
1.055400960947014521e+00,1.179337312841578778e-01,1.677093362239330476e+00,3.254835142327948017e+00,1.726454831035140192e+00
4.917687696491450655e-01,1.461908085701492999e+00,3.256248556800558802e+00,2.688513670812523682e+00,2.844460261807952861e+00
1.437988864155655522e+00,1.719623379747884595e+00,1.053548323756693827e+00,1.176847538855927633e+00,2.888908105841635710e+00
3.222250352283452468e+00,2.534585018539329493e+00,1.932395948902400296e+00,7.868097834196904339e-01,2.790087631656614331e+00
2.276569861213942225e+00,3.565270027278533593e+00,2.647623801292481094e+00,1.973587428436630598e+00,3.471772451317738817e+00
3.346614255684627337e-01,2.872395673097167812e+00,1.259948052643490746e+00,1.426327006666872343e-01,2.863408643030569856e+00
3.264851356254971471e+00,3.732631820198001993e+00,1.582662696437292071e+00,3.642563639084507976e+00,1.929931137960186671e+00
3.396847401421181800e+00,1.467225121632952600e+00,3.891313420172741289e+00,1.473326928237786770e+00,2.806434962342329253e+00
1.297841711927159025e+00,1.093932917061852139e+00,3.384105628613009453e-01,2.096391003014807186e+00,2.249371854975940277e+00
3.342214143525537473e+00,2.080925633338475578e+00,3.551421347219633873e+00,3.494386806502078890e+00,1.634420312109202911e+00
1.250249870270712105e+00,1.258490878132223767e-01,9.735112116196237286e-01,7.990931644650226540e-01,2.320795490413102069e+00
3.783066248314419511e-01,2.622018631315468529e+00,2.860748124739537435e+00,8.450652993358369336e-02,2.854712561539749505e+00
3.424457855521226168e+00,3.425024420884382081e+00,9.863601536696992023e-01,1.549676467231585919e+00,3.132477613126629201e+00
2.649619236745005768e+00,3.039122111694589012e+00,3.546948523506661122e-01,1.490502873384486893e-01,1.830215883604011662e+00
2.491335114948759255e+00,3.231437332967356468e+00,4.352978198784446251e-02,2.676702575436552323e+00,1.914753834604864036e+00
1.066774958436278675e+00,1.995279859105800302e+00,4.125081858957563297e-01,1.248560915456353504e+00,2.695542929512920072e+00
1.261275381077535229e+00,2.472540147841499447e+00,2.809986353983082719e+00,3.197635175031819710e+00,2.374259456720846817e+00
2.286878335929105888e-02,6.330066195313545363e-02,1.904088133339074007e+00,1.046079880091969283e+00,3.116570288376178777e+00
1.904142694271816039e+00,1.405996948951382830e+00,3.841956067270561048e-01,3.751000799176491984e+00,7.932768887712277062e-01
2.854111387120052523e+00,2.197307626057833030e+00,3.285440279483263559e+00,1.832744874646868416e+00,3.029319568228266757e+00
3.835294487172684619e+00,1.861057620000919011e+00,3.755474793985802417e+00,3.072707510154197408e+00,1.947776101908495594e+00
2.249451987276772424e+00,3.918845136973619248e+00,1.519948180185166864e+00,1.904263488117587055e+00,3.535309189677140473e+00
3.872288478674218659e+00,1.036865033695316685e+00,3.554116594222570313e+00,3.990006690667491807e+00,9.142606194852985757e-01
1.496755733344492079e+00,3.900280365040020847e-01,1.105778943423174621e+00,7.116053187317558093e-01,2.302941148384055392e+00
2.231000039537877289e+00,5.270136863781169634e-01,4.715611863013662308e-01,2.940232315147911279e+00,1.371308116651394293e+00
1.217121992711988954e+00,2.981413219060077058e+00,2.435711378288880180e+00,2.212313346338856235e+00,3.387687445713955192e+00
8.647711276972279704e-01,6.253224905869383399e-01,1.860852530681563533e+00,3.860391636261555792e+00,1.369247345080073508e+00
7.160083582008268666e-01,1.657109235969867589e+00,2.425756636737616656e+00,4.981358921531768569e-02,2.411863651836833711e+00
1.455147573117582915e+00,3.223106923624503128e+00,2.500949284895490621e+00,7.035400369538677978e-01,3.249205159662677200e+00
2.670885752546607428e+00,1.405594705491322316e-01,2.614765595205176041e+00,2.863445689449644949e+00,1.848615118829774140e+00
7.767011993545288595e-01,3.294558470865904365e+00,1.541112217682117480e+00,1.762390072564981036e+00,3.727224938695594236e+00
2.130277760658703556e+00,3.084686170601238064e+00,9.146416103647818652e-01,3.227649978459101732e+00,2.071498752476485183e+00
3.565679237578250671e+00,2.537344006788623041e+00,3.170070685097899243e+00,3.395774332059150691e+00,1.837388435842714163e+00
6.625121630773282977e-01,3.990482884153429555e-01,1.255373479873900466e+00,3.060882319613630997e+00,2.024565855137531845e+00
1.632111490301665802e+00,2.643717437102858892e+00,5.422341595485984378e-01,7.152896254163910728e-01,2.548295640277609131e+00
2.438860577152980547e+00,3.572435192187038311e+00,2.727504625920618153e-01,1.651137012794920145e-01,1.969671350016475309e+00
3.187668384654388731e+00,3.137409106393384661e+00,2.789210679989920560e+00,2.759516358726236795e+00,2.674253914935372123e+00
2.358748599612781938e+00,1.275143419132561906e+00,2.193610786552421921e+00,1.308655993030051423e+00,2.829092760148389285e+00
2.076755469310051616e+00,1.743847794865466538e-01,2.155639155213861180e+00,4.139738537187044320e-01,2.058433890250000342e+00
3.756066821907575903e+00,2.105540726585847455e+00,1.002318672910796016e+00,2.913734353165851498e+00,1.941766823888525728e+00
1.948246156724792399e+00,1.195503916823362989e+00,1.875542812169855411e+00,2.795315418168865307e+00,2.231579898929277217e+00
1.585571477325716572e+00,1.851918594048739708e+00,3.114126475306200792e+00,2.485433162947511043e+00,2.789332348317541843e+00
2.497860559524231139e+00,3.865284706500679235e+00,3.446455553794832039e+00,3.239942420557931912e-01,2.942410951976997424e+00
3.215347535164124526e+00,2.763143345413576757e+00,2.276402588045581155e+00,3.417957017062072111e+00,1.897920202367277653e+00
2.828579444112270469e+00,8.921412921703018029e-01,4.591714898829185043e-01,2.053402755765409538e+00,2.045705254948205543e+00
3.689161042037320648e+00,5.063581915965963409e-01,6.587965088916163392e-01,7.420276843154907098e-01,1.810975515745283371e+00
2.015571096628157588e-01,2.783804765166627337e+00,3.067838388022041229e+00,3.675753067495777238e+00,2.388192826868471563e+00
9.873264592173648380e-01,2.790982871670193877e+00,3.190876246334474864e+00,3.107360668522422209e+00,2.640892573763521600e+00
1.863729855297145521e+00,3.971854108410897144e+00,1.652378262729639058e+00,3.383055257737111354e+00,2.458421243234975240e+00
2.019631175056610495e+00,3.462929156850647949e+00,2.965058840406130436e+00,2.804202265308581854e+00,2.898549498603320007e+00
1.155473135906186499e-01,9.903242156029844201e-02,6.195962579289882033e-01,3.025014869983693622e+00,1.924174125130305502e+00
1.466527432414646226e+00,3.051808734053429450e+00,2.748175011477511198e+00,1.997222297795930412e+00,3.461865712747619117e+00
1.393316862540656231e+00,2.132957348207758841e+00,9.501201952414244367e-01,2.893834184621354999e-01,2.331542243198069464e+00
1.060648489117603122e+00,1.988687690992768431e+00,2.045691274781678004e+00,3.784530822430165031e+00,1.723962825625390050e+00
2.862393957732096261e+00,4.888855365922369356e-01,4.859976460083570982e-01,2.007352877316532780e+00,1.991966561396156354e+00
3.725598207556712893e+00,3.696420607922584534e+00,1.994402175297140145e+00,2.582611284399781937e+00,2.933115954778545920e+00
2.721099263440302618e+00,2.014528448134022653e+00,1.061398002851041911e+00,3.944675847165416638e+00,1.098331298530156097e+00
1.485293290105342168e+00,2.657753513731829109e+00,1.595518472339843896e+00,1.866884520886206822e+00,3.313109315850345293e+00
5.712682291497971354e-01,3.530634099676781990e+00,2.136340414541174404e+00,2.765286945567398735e+00,3.321778536892516787e+00
2.188729150528887946e+00,1.584158131562741545e+00,1.721509697680231321e+00,1.094389998622094184e+00,2.820797529760505906e+00
3.247033600194462188e+00,3.595028742300478086e+00,2.489933596783849179e+00,9.954287433460072831e-01,3.273563609394322782e+00
1.751420500408052083e+00,7.020801197739522381e-01,6.995816742253403719e-02,3.665466545294956635e+00,4.295613799459393478e-01
6.502490906140437343e-02,1.637342793270784025e+00,3.195586018836430231e+00,2.263907579310655560e+00,3.407227099331331832e+00
8.296638419386065388e-02,2.123382402660374257e+00,7.133530776590628619e-01,1.936646282911502537e+00,3.311372466312779483e+00
1.215169286174718088e+00,1.787200491569078009e+00,5.756681223518036461e-01,3.636343533646179349e+00,1.302515547585719080e+00
3.860706449987271860e+00,1.719499325094520775e-02,1.880574377138880537e+00,7.698604180995445301e-01,2.092267227569978072e+00
3.178362872202753042e+00,3.852520623285045520e+00,8.783725738384214887e-01,2.160826582861667955e+00,3.075684436948177503e+00
5.858715158869226558e-01,2.279995375273793812e+00,5.816801350404370297e-01,4.719644423966862234e-01,2.574291147523652068e+00
1.362327342705121014e+00,1.485758260280172438e+00,3.807954153433306566e+00,1.341965183929902938e+00,3.112788938542141448e+00
1.095668473705931678e+00,9.804353324163194161e-01,3.417907731549725714e+00,3.568094472705432008e+00,1.670702658578542721e+00
4.080588981580080543e-01,2.062713390929874713e+00,2.271765681289569905e+00,3.439893007340199649e+00,2.288970617371911320e+00
2.541485946763647696e+00,2.284131675221085178e+00,3.490732306097612980e+00,1.828602359621028128e+00,3.096597916955007967e+00
3.368289301683957238e+00,8.499583720124010977e-01,1.158083373481476830e+00,2.888162089025632984e+00,1.734262198593710558e+00
2.197445716214396327e+00,3.684779156232590669e+00,1.041080638337740227e+00,1.443050460307651495e+00,3.383597661717665517e+00
1.192172896639042579e+00,8.056819616106879467e-01,2.838482420442187681e+00,1.273074692785045037e-01,2.138313254843999367e+00
3.776953740209582300e+00,3.260956554050482570e+00,3.687926478124408991e+00,3.828883258555467961e+00,1.660059333033068629e+00
3.933183587857609798e+00,1.759809027125533776e+00,4.469208018552852102e-01,4.403300242600525216e-01,1.691345076337715359e+00
3.941219464452168086e+00,1.677397892378794220e+00,3.156019303949047838e+00,3.875783097457233151e+00,1.149638486589012576e+00
2.428113782961523359e+00,3.822293197699949019e+00,2.447540547202514460e+00,3.602003216240414751e-01,2.959713530422563466e+00
3.529241703939528740e+00,3.145077536199386792e+00,1.160229994958428268e-01,1.966957474365655711e+00,2.317483168283804407e+00
3.163634543694734180e+00,3.186858956988016800e+00,7.599185845536390316e-01,3.885240911131397912e+00,1.290867600447856756e+00
2.240347800496102604e+00,2.253489303324921256e+00,1.072592564421909644e+00,5.255737995621964087e-01,2.460514841194763935e+00
2.308190023589741013e+00,2.884812467619648046e+00,1.607884968812096194e+00,2.549890832777176097e+00,2.824027045797937063e+00
3.843270264875429554e+00,2.161103980138783243e+00,3.774451189830367426e+00,1.163155407436580635e+00,2.879377442429103429e+00
2.169397131767487164e+00,1.191390266528745467e+00,2.417398459089863838e+00,2.988387181888277677e+00,2.034388060699582113e+00
2.704675945750588451e+00,3.290488695442097544e-01,1.377338919997153521e+00,3.964719881777944099e+00,7.668340030659049900e-01
1.431133418130039248e+00,1.043720113055914167e+00,3.846161495595553426e+00,2.904947882018838357e+00,2.245966803202800843e+00
1.729048462012458431e+00,5.596239930621439429e-01,2.544707218325605425e+00,9.526594239156570554e-01,2.635286230068465851e+00
3.883347200353254980e+00,2.288761592695687241e+00,1.036988370957141914e+00,1.052598952336222027e+00,2.641074656174157820e+00
9.134141822635138963e-01,1.565339919385174028e+00,1.764431849006534936e+00,2.523721699772508487e+00,2.810103565097145317e+00
2.941369851306468775e+00,7.694359365787687421e-01,2.324574735812168669e+00,2.579986087024777608e-01,1.924784479608296461e+00
8.836462103186688566e-01,3.547158220336711909e-01,1.191423764865326529e+00,2.474302472119691121e+00,2.459347654331282218e+00
3.058152747924070547e-01,2.419930059571131054e+00,1.180957755115036978e+00,2.424226338445104822e+00,3.233313425510715433e+00
2.629063341034141299e+00,1.342636810402086933e-01,2.386497714183376306e+00,2.459476833405447760e+00,2.202629058958151642e+00
2.688760765985839463e+00,1.866672890135670171e+00,2.410951908426402834e+00,1.699282730871192193e+00,2.971093869136703258e+00
6.284562572187302187e-01,1.594612374741374294e+00,3.469682873536182655e+00,1.524261923418703146e+00,3.389419981456418984e+00
2.473118147287631796e+00,3.790817162696553666e+00,7.216941773077304445e-01,6.093279432918962124e-01,2.795437298332173359e+00
3.296723525815873135e+00,1.573244141906744442e+00,6.079735069605840363e-03,2.062728960516034604e+00,1.736368188027773041e+00
1.180165379219772159e+00,1.773483421766088197e+00,2.852243529436824687e+00,4.201325960387440883e-01,2.664995471266075722e+00
2.809370330432742424e+00,4.598519307226102693e-01,2.313428799730058716e-01,1.418040997248460888e+00,1.850443025060731106e+00
2.567330784156305334e+00,2.236417479428475019e+00,2.169413335850617575e+00,2.750022251175479604e-01,2.360096088745414544e+00
1.529927764600045537e+00,4.980194903243966853e-01,1.391608147003831342e-01,1.656097127207376563e+00,1.997687598845175216e+00
1.295328094761101001e+00,5.927758231096438291e-01,8.281770007432253111e-01,2.507177364332965896e-01,1.869575530639545846e+00
1.832847179230006063e+00,3.160057920324451600e-03,3.586191249348848586e+00,3.929958837977549635e+00,9.829900741043163803e-01
2.614435134623576573e+00,4.357473331299741570e-01,1.204229260304866322e+00,6.038891247457765787e-02,1.549953513243960579e+00
3.152098421487108837e+00,2.405990566237336203e+00,2.525543412724686743e+00,1.227932882674379611e+00,3.021774006058338014e+00
3.329144175001333306e+00,1.979488029208612276e-01,3.963407767718502672e+00,6.569952831098122559e-01,2.132810820796673834e+00
2.105150975463769392e+00,2.314546611101031992e+00,2.975433301058168389e+00,1.676098312341639529e+00,3.197882742110343735e+00
1.478176099456887993e+00,3.494764965871494100e-01,5.459655979439599349e-01,3.800485657476815771e+00,7.282808378359001411e-01
6.721816965850708758e-01,2.737097690062324951e+00,2.294798313582440574e+00,3.762225737213771293e+00,2.096364020188648869e+00
2.312813375223229606e+00,1.346741709142039722e+00,1.634153044005782540e+00,1.916647406332852022e-01,2.030098305110951351e+00
1.937861125935731454e+00,1.026572263931858631e+00,2.920178150565036823e+00,3.626057203792246497e+00,1.427347524678543422e+00
5.384316007845009189e-01,1.174349083070898914e+00,1.171993553803377663e+00,3.408687089675500381e+00,1.880307553779099639e+00
3.234972153509786397e-01,1.895390995995988259e+00,5.099685438316748920e-01,3.543307048852496699e+00,1.671996782423416317e+00
3.621676626280804889e+00,1.965158553554874343e+00,8.599482289359204612e-02,2.125188774331763675e+00,1.861026490257413624e+00
1.606219238705929531e+00,1.641034902427666253e+00,1.115527701054384480e+00,9.034545943263625478e-01,2.713685218630201401e+00
2.257893958968835602e+00,2.595155852143510078e+00,3.665616914401252036e+00,3.812391100712052783e+00,1.641682363742976936e+00
3.958299457775887653e+00,2.665667034731480367e+00,1.814237748203603451e-01,8.876767700964759422e-01,2.055387073841937084e+00
1.131925655954836296e+00,3.903723327627854012e+00,1.243852732713648379e+00,2.043562123727995061e+00,3.656639987651084223e+00
1.708362077450389371e-01,6.412824961998581097e-01,3.994058978504441360e+00,1.299775045699435916e+00,3.310553696347922958e+00
1.979300572554189452e+00,2.907349248698518185e+00,1.550879764349612833e+00,1.455005907887705563e+00,3.313864649784385108e+00
1.986993472347257539e+00,2.813248591032760704e+00,3.031901179582051853e+00,3.462817686839509412e-01,2.711418196277233239e+00
3.891793061400721232e+00,3.278819058543442466e+00,1.267746564277554722e+00,1.761318576047692375e-01,2.321345834832957422e+00
1.717723257036926299e+00,3.373029720044364854e-01,1.326611547945163172e-01,1.037732982053818587e+00,1.779668351738437959e+00
3.710998270322413695e-01,3.348614887667980433e+00,3.970622461765551670e+00,6.196087212864312965e-01,3.582789178909917993e+00
1.460150866883091592e+00,1.434419842249103461e+00,6.471044695601190222e-01,1.951056621675504754e+00,2.600788150296462486e+00
2.835727881223849778e+00,2.512278706802239192e+00,3.907585728700569305e+00,1.821653567370505877e+00,3.126978698302812720e+00
3.897804742945633727e+00,1.689620179263393362e+00,1.937200316625985685e+00,1.185806201552530137e+00,2.715656735608544814e+00
2.605220698724481032e+00,3.627112773692176884e+00,3.627081341898847899e+00,1.486557265756281332e+00,3.528269413515370712e+00
1.490989261830989676e+00,2.510196991050337889e+00,2.792869335766434258e+00,2.416319571724940829e+00,3.046610598878602527e+00
2.598788483910189129e+00,1.105223016977010753e+00,1.572228333831539704e+00,2.877594550643984839e-01,2.012306686376869713e+00
3.027066558582219180e+00,1.492071473214010791e+00,2.718930299749058865e-01,2.832990855049034362e+00,1.424684485988879867e+00
3.743524755277564342e+00,1.522738899466400397e+00,3.532904875351952967e+00,3.389334666285523490e+00,1.550300599838930538e+00
1.151102751801641802e-02,1.811551543091167948e+00,3.167769081214418581e+00,2.145081770896032136e+00,3.550007848514316500e+00
6.453145083226191625e-01,3.105712738314693855e+00,1.965798534577974932e+00,1.413371228193384121e+00,3.769323559480910912e+00
3.103609557280030629e+00,1.226247171087713195e+00,1.125943250478864677e+00,3.793930347613516663e+00,9.826193126022392255e-01
3.376043438673029584e+00,3.600757118145995417e+00,3.429976886981499273e+00,3.733680007529780465e+00,1.877570449954743648e+00
2.461116506169896745e+00,2.323689671086700326e+00,1.361234265003307797e+00,7.813284183941532346e-01,2.735230295769571995e+00
3.365250152314619658e+00,1.507354407903422455e+00,1.785416011288970761e+00,2.816834001730240011e+00,2.089628424978985155e+00
1.982270679765900934e-01,1.290553251956864544e+00,6.118090705687232456e-01,3.941965400005282394e+00,1.317628403046426033e+00
1.011509209606453186e-01,3.483269355018933755e+00,3.383200730225149222e+00,1.066328402819605170e+00,4.038865492678656466e+00
3.596930471759420378e+00,2.394572365457927177e+00,1.738921857416151073e-01,3.976636044504739065e+00,4.789956623365716482e-01
4.462458322481757667e-01,3.323210119713489341e+00,4.900609009294562557e-01,3.402572672822955724e+00,2.160346409895518516e+00
2.757564464902064749e-01,1.724880483863097336e+00,2.675914121526646650e+00,2.160991777113263623e-01,2.772675136675986529e+00
4.651183759850212596e-01,2.680951282784271861e+00,1.422077144418451011e+00,3.846575045766174927e+00,2.001199188632424075e+00
5.005218888518495612e-01,2.297545002695265959e-01,2.731528619436938587e+00,3.016866464969512052e+00,2.234708761554776490e+00
6.228851444221562839e-02,2.336411353236455213e+00,3.128725614128720078e+00,2.883661881493200685e+00,3.086440808537119107e+00
3.312231996025635894e+00,2.174325903791168191e+00,1.405132490607714724e+00,2.682203589959774592e-01,2.162079020249840777e+00
2.970164279527281348e+00,1.399139901517498785e+00,3.054741236973745444e+00,1.889493296829563462e+00,2.783321164072699361e+00
2.684915037924335390e+00,3.176442163276009811e+00,1.828653818383669805e+00,2.771453448649416451e+00,2.690602373975298445e+00
2.025982716503611059e+00,1.926117337828495923e+00,2.910262564525189166e+00,1.569611732597243903e-01,2.264337575138005487e+00
2.117337680298162772e-01,1.128400853517575575e+00,2.017795327141397532e+00,1.981393224538351649e+00,3.325770459779337163e+00
1.837655841951592317e-01,3.361362729549267847e+00,2.562717887581992482e+00,2.238686903770154668e+00,3.861703989578694429e+00
7.849440472169642025e-01,2.354826701560547519e+00,6.877787699834688739e-01,3.332705170784912685e+00,1.953131167750489894e+00
2.815157708726743202e-01,3.808043784870677406e+00,8.820856302506875357e-01,1.988200745866758989e+00,3.810741799567147314e+00
7.335705630006218447e-01,8.999248633240950479e-01,2.224670683615238495e-02,2.605198619380506120e+00,1.715483990810082293e+00
3.981008099847528570e+00,2.151846569164264533e+00,1.945622323620873173e+00,3.689025456585462770e+00,1.389507335234052121e+00
3.345585633817703020e+00,2.414411115470741720e+00,1.212815975708220195e+00,8.065540750844799600e-01,2.635500500444861061e+00
3.470703841749243068e+00,3.055739374460050284e-01,2.876121067014769217e+00,5.169593278414728044e-01,2.020374339441758149e+00
1.561434146465261907e+00,3.232798648457414714e+00,3.364575605005129422e+00,1.172523727330209820e+00,3.513026953365097516e+00
2.045968114241947688e+00,1.079908831188156615e+00,2.024367705994721156e+00,9.751020934057110789e-01,2.685262918336537741e+00
1.807398467434496281e+00,1.166006708677958859e+00,1.028882683110321494e+00,6.912548467151267140e-01,2.369329766165898743e+00
3.632733768046593870e+00,1.531265253345848176e+00,2.246104154374214179e+00,2.223479662534927126e+00,2.580509094488527388e+00
2.033893298903980629e+00,1.934100720735701051e+00,2.341918160212529187e+00,3.620737429948045261e+00,1.635347267436304097e+00
1.736990030429202747e+00,3.555694543291597842e+00,3.742754178860659753e+00,4.116665840588543818e-02,2.697943402493495846e+00
3.173585119574600655e-01,1.138739229414485132e+00,3.577921991586237027e+00,3.513228622935582024e+00,2.035178845331772290e+00
2.121324253781882163e+00,2.572311534130113486e+00,2.101693646567355245e+00,1.617115990783697610e+00,3.250193461708220877e+00
3.202415419131539931e+00,2.447032550237271842e+00,1.304761500306695909e+00,2.827318816044209093e+00,2.271539735469638721e+00
2.443702394924748056e+00,2.932489784543120148e+00,1.195934500651303134e+00,3.850476348065100751e+00,1.518702013081813629e+00
3.128975373426681195e+00,6.829700210967062368e-01,3.151440844154000942e+00,2.702140059327847510e+00,2.070025225212721143e+00
3.015489019707005891e+00,2.091120500721252107e+00,8.435791420143368136e-01,1.599775954741614159e+00,2.705079502563203508e+00
3.075010875787846487e+00,3.343589163989701074e+00,2.689221521070731313e+00,9.383084240556877065e-01,3.182832024884516109e+00
1.278149179935341273e+00,1.799000860906580179e+00,2.778989744023058872e+00,3.157190199231108441e+00,2.220825462092758773e+00
2.904701672095285847e+00,6.912388397154123343e-01,1.240422153783447695e-01,5.666895980076622763e-01,1.335192366715101553e+00
3.763232275125926396e+00,3.826645728533969226e+00,1.439246334823313989e+00,1.316007865688254341e+00,3.340154594781386432e+00
3.703568195628464732e+00,6.203389152184176636e-01,3.634712061924822990e+00,3.607758349662006037e+00,1.130992119486646352e+00
8.135976570704860356e-01,3.633716311780481156e+00,3.987341946290902772e+00,3.129193821827522370e+00,2.941036714804884600e+00
3.224884707287968943e+00,3.001698217110726041e+00,1.615880373573767015e+00,1.633811180323290868e+00,3.185244094500687240e+00
3.500036247921543886e+00,1.415934461731980898e+00,2.832989993143778529e-01,5.522081392284126089e-01,1.590201598167288566e+00
3.684579305199669363e+00,1.911825635446116722e+00,3.923141880096813860e+00,2.563609722353258125e+00,2.450906804316459464e+00
8.457351215132719036e-01,2.143463206259306197e+00,2.124827247659900831e+00,2.503646884273511564e+00,3.033619722419563125e+00
1.003951926553956264e+00,2.956175347766154093e+00,3.896339663622624627e+00,2.657962850119468978e+00,3.119341707524794227e+00
3.894599640317998324e-01,2.468270720106191529e+00,8.597412196196017042e-01,9.459305147038202799e-01,3.234221980483749093e+00
7.650422607449510748e-01,1.353417884009994188e+00,1.236125499508175851e+00,3.221388109717802095e+00,2.046802355980251065e+00
8.181269596916762588e-01,5.352131348285315005e-01,1.593052300027776591e-01,3.526213509410794256e+00,8.529434523356654863e-01
2.748749456035731065e+00,3.519462236957255907e+00,5.890844828320814797e-01,2.024579639788766983e+00,2.907696756524077220e+00
3.001182266980337410e+00,1.243666096332292081e+00,3.560316481667121558e+00,1.717926521853086363e+00,2.783079658512592314e+00
1.400359284955138728e+00,1.517176574385146637e+00,3.870854883135332436e+00,3.561256203978673707e+00,1.730104015107451154e+00
3.384413263336115030e+00,3.491452152029498990e+00,1.559463467667628001e+00,3.052941281921360162e+00,2.405657156292958287e+00
1.280861927567647163e+00,1.834577725390583502e+00,2.486813777462020258e+00,1.401910282634869498e+00,3.225014856410176822e+00
7.996951813163961642e-01,4.716746587810848879e-01,1.083574710739313218e+00,3.183382914903401861e+00,1.815090158435511469e+00
2.163504301262978158e-01,2.752731198209983909e-01,2.371779749420515948e+00,9.810412157541950062e-01,3.060998921402586337e+00
2.957894423247491023e-02,3.434568685011294864e+00,1.454048745181702795e+00,6.807098759440631808e-01,3.710631620741211112e+00
6.103487500621334050e-01,2.191078792476051085e+00,2.156850102850306483e-01,2.681860424121629727e+00,2.217559679665888961e+00
3.416021208160180400e-01,2.864212622119978402e+00,2.280625249119083264e+00,2.922196561947687066e+00,3.061752659583847791e+00
6.996950178420111577e-01,4.772201536060213245e-01,5.979519577815598508e-01,1.132079450514805463e-01,1.746491560849456448e+00
2.144923920509322901e+00,1.365424752487038651e+00,2.086213187487109710e+00,2.114837802569572656e+00,2.770492671901453985e+00
3.481614256885752212e+00,1.232496504852321317e+00,4.724070458763601210e-01,3.554691048704453848e+00,7.837965493737047984e-01
2.820519604891779331e+00,1.065497911556922750e+00,3.460852256803263582e+00,2.377470464991028098e+00,2.462795686182267740e+00
3.250271267502912398e+00,1.503256690615276003e+00,1.849243176954058265e+00,1.428089150107439531e+00,2.776723423602620588e+00
1.879464185772801832e+00,1.902746583086095900e+00,3.111563332579519781e+00,1.705343503844790831e+00,3.122158819064305924e+00
3.293201000124470479e+00,3.764501344110655623e+00,7.981953376365547026e-01,2.665675418251675755e+00,2.620042649241359989e+00
3.359285105817046979e+00,8.862188697066215592e-01,3.124032511252516464e+00,8.261691030898807853e-01,2.403937342364782292e+00
2.343398734952144569e+00,3.911708639297777346e+00,2.896802299187962060e+00,2.018526115822768752e+00,3.559801329940126102e+00
1.620005929489618746e+00,1.269058262504241696e+00,3.860819282024731347e+00,3.924752767895609562e+00,1.317277406010491703e+00
4.293188068527362677e-01,1.625973443017809217e+00,3.403956801791795606e+00,1.141956638076144337e+00,3.384368654904707618e+00
2.959186932378892188e+00,4.839640524530289256e-01,3.477708692879259100e+00,3.100984572028496533e+00,1.661039194902334870e+00
1.755180625550599505e+00,1.776185820658774173e+00,2.398734821195839806e-01,1.735239644097424927e-01,1.534011330433052489e+00
1.334638317945059383e+00,6.743682629032802245e-01,3.726191515509101659e+00,2.931210450683057633e+00,2.157845317168506138e+00
3.545544331926951287e+00,3.952808849327484442e+00,3.306107803425514913e+00,9.244829911677430179e-01,3.333707041728123155e+00
1.966941911630208040e+00,9.856617380268123396e-01,2.590030165437151588e+00,2.227083313851531354e+00,2.664667162516403121e+00
3.745187511919360723e+00,2.686479149899844154e-01,3.339732074105106641e+00,1.569839584142549205e+00,2.499533717846518233e+00
3.584436002519930220e+00,1.346065278567376219e-02,2.231615430320647686e+00,2.071928001984611800e+00,2.316685136317342852e+00
1.536982063459291892e+00,2.582553599034351777e+00,3.497302852409941654e+00,2.529759947514618190e+00,2.973757931559731116e+00
1.692648932873767276e+00,2.566584996879600844e+00,2.537204786297944104e+00,1.112976427232694188e-01,2.460427159167790201e+00
3.996101913956854101e+00,1.666268166132793827e+00,3.009173945865661448e+00,2.586185717340950055e-02,1.837534163714370283e+00
1.187511291682440406e+00,1.119365326866188726e+00,2.995559502088215975e+00,1.203172421782630730e+00,3.022317276203055680e+00
3.447422363441378312e+00,2.848141980469416912e-01,1.867557504224086173e+00,3.842479583078490801e-01,1.858368572962516119e+00
1.010638889698662224e+00,1.873953640006127186e+00,2.329228638232688553e+00,3.349578258367893024e+00,2.114626178611637819e+00
3.195538513016543458e+00,7.101788239013965276e-01,1.508659557932314987e+00,3.511002355869206948e+00,1.193219555943841659e+00
3.625385022771379973e+00,2.499490533277553883e+00,2.919539234006468309e+00,1.589142430114668825e+00,3.070352371244392309e+00
3.422795270743384410e+00,2.433151269568628372e+00,3.751164036617575359e+00,6.663631263576788033e-01,2.691425552947568800e+00
7.708945008844271252e-01,2.818312668653105479e+00,3.508153337879314382e+00,2.360575209545274222e-01,2.920130888923436530e+00
1.926635428919061921e+00,2.366299710997052053e+00,2.308917893953506439e+00,8.712171973472719877e-01,3.001630779990029918e+00
6.382711856728513489e-01,2.697410330920177124e+00,1.323455565288004010e+00,2.276637317754480527e+00,3.327078551817377328e+00
1.912873151974125996e+00,2.311813312625732753e+00,3.501615449083028131e-01,2.008804176011333542e+00,2.485171863993400176e+00
5.924664219335125104e-01,1.669245803145682217e-01,1.619738004278357679e-01,3.725231243444968587e+00,6.802114320757802757e-01
4.376413230290106537e-01,3.112793255764790601e+00,3.816746167242595078e+00,2.734520358587265054e+00,3.296556721057970485e+00
2.634305244913459632e+00,1.223946947987289313e+00,3.250411205093761691e+00,1.323777155608165224e+00,2.802145675594899021e+00
2.283330099405625813e+00,6.067663756624170901e-01,1.797246982887862776e+00,6.026748738137390760e-01,2.254501002522802278e+00
6.937788748047716281e-01,7.875988743995530061e-01,2.983848038490830135e+00,1.677402318688876737e-02,2.181571751708816898e+00
4.780497881309404840e-02,3.803726059522858360e+00,3.058591210101754498e+00,8.955587487429602853e-03,3.299954346174649888e+00
2.375836565444692461e+00,2.431570391052006452e-01,1.808519574233679705e+00,2.319985827848942694e+00,2.327738157116955531e+00
3.055489119894707617e+00,8.586795923650263063e-02,5.190856413668669678e-01,5.369783162976226043e-01,1.516028756597609828e+00
9.086337565515352210e-01,1.746563929293424078e+00,1.561630885018636450e+00,3.466268809196844547e+00,1.933831799997405287e+00
2.137228907161536462e+00,2.829877801046244645e+00,8.050472960621812835e-01,3.241952952600684945e+00,1.921543335437785327e+00
3.785072756878982592e+00,2.301822746391750218e+00,9.254883989560472868e-01,4.721264259133063912e-01,2.189888971224319469e+00
3.262695172637287921e+00,3.194118457418572810e+00,2.470876489067351134e+00,3.358122936790069405e-03,2.308326205078816695e+00
8.515948920171503289e-01,3.089563892076656160e+00,9.026346068088960881e-03,1.577363132073269059e+00,2.753181910242729291e+00
3.931180198688745131e-01,2.001851207566555935e-01,3.609543533891947931e+00,2.488432434492948708e+00,2.761773631816836438e+00
3.279992837843794362e+00,3.715139877874119811e+00,2.145788722567008477e+00,1.009674218780575616e+00,3.303669553294632077e+00
2.888957868708009080e+00,3.311973417692153365e+00,6.952231415010423632e-01,3.529183575306437781e+00,1.619777044448527992e+00
1.550648901376999289e+00,2.610059615674591882e+00,9.366219573354004346e-01,2.597145340348320453e+00,2.657801009551693294e+00
5.170777465600047140e-01,3.403045858889737207e+00,2.300910626046472451e+00,4.940080700230604638e-01,3.415897471996473200e+00
5.617166773825562620e-01,8.791039106288446314e-01,2.982724104842121027e-01,1.958380137632425466e+00,2.455036557170093836e+00
4.015992656198009159e-01,1.257218613681260644e+00,9.617329789134723139e-01,2.152935577864713679e+00,2.974288857256655039e+00
2.081169385953541617e+00,3.609328501059311911e+00,2.950043123562178793e-01,2.471386500498482075e+00,2.516778326739390170e+00
2.804929325600193035e+00,3.300208484215088500e+00,3.714516652552287024e+00,1.729093306566230615e+00,3.389124788175909675e+00
2.522619964515300239e+00,2.103988876120095330e+00,3.521423299906369042e+00,2.353958120348448535e+00,2.790207909012490717e+00
3.044423944522023362e+00,1.592317863270243106e-01,3.267134701679280440e+00,3.188542491082834829e+00,1.493895228439683809e+00
3.149488770920843894e+00,2.190171574428454448e-01,2.531057884234106936e-01,2.972397387194102070e+00,9.611952316888562331e-01
3.472321210396376312e+00,3.980515141442873439e+00,2.535898500959657298e+00,3.904784638616727310e+00,1.849920162537856072e+00
3.140706063999753717e+00,1.622885043211169220e+00,1.482295139308507537e+00,8.119427024005503313e-01,2.504993748724135383e+00
3.659668485139667915e+00,1.447580284797327810e+00,1.713017807695134564e+00,1.211152672715322121e+00,2.657479510012514812e+00
9.417557036476075227e-01,1.177695636888644204e+00,3.408991504435527009e+00,3.424089494024694869e+00,1.899686893076554917e+00
2.578626889640037501e+00,1.429279965750409165e+00,9.030283900838523281e-02,2.781982317785173464e+00,1.336742936506903678e+00
7.395692502045921879e-01,2.972512761096377965e+00,3.079824365966303823e+00,1.267738186943138778e+00,3.695937705976564569e+00
1.841122716776511403e+00,3.063484335550741289e+00,3.792754732021117459e+00,1.881650183227242978e+00,3.432208419004788791e+00
2.238809053014577888e+00,3.448826267832856285e+00,1.498102970657278155e+00,3.968886002547171277e+00,1.699207479109715369e+00
3.104947828617736327e+00,7.575840710539863410e-02,1.706645415975570845e+00,3.708045797595633353e+00,9.197292936409814379e-01
3.733193865241962506e+00,2.022884559354355183e+00,4.244416796536638059e-01,5.686139234124776287e-01,1.871204860635189871e+00
1.365105380488334241e-01,1.008951626485921738e+00,3.139389240964404859e+00,2.434959143064916176e-01,2.686535023603517924e+00
3.986885258675601840e+00,1.324797562853728072e+00,2.514063152073182206e+00,3.087796007140338528e+00,1.769784753358996987e+00
3.454176867192834788e+00,3.795971339859514515e+00,2.163311442552437125e+00,2.197535080741647384e+00,3.278138669299780261e+00
3.586580784111615960e-01,4.483613849359154302e-01,1.444001677194506783e+00,2.385326023574738663e+00,2.803376449141314009e+00
3.655840217436433726e+00,3.025375682815496070e+00,1.462797841531209730e+00,3.817282704999543252e+00,1.504598644824016063e+00
1.697598205213280309e+00,1.150355656243967184e+00,3.959149945029730056e+00,7.330565347774230245e-02,2.049895191246169812e+00
1.218179097742782130e-01,9.502692587048641726e-02,1.623248854486121662e+00,1.846755268913324644e+00,3.140500532857621430e+00
2.546375011796570220e+00,4.420755187188362689e-01,3.678053195419332955e+00,3.650267724401946801e+00,1.177106672664035791e+00
1.123893266646705413e+00,2.152557125092731116e+00,2.827152575793347555e+00,3.279995120292116262e+00,2.238756853103348377e+00
5.408911761592282569e-02,9.234765046775815778e-01,3.228245786328482136e+00,2.280778772790115483e-01,2.691090361802594977e+00
1.509974316890792201e+00,9.162925441086167133e-01,3.386741202368269033e+00,1.276914254803772630e+00,2.917962798940484603e+00
3.087893052359394819e+00,7.793085434504798403e-01,1.816439479913581456e+00,2.138077938016693214e+00,2.466490181013472505e+00
1.594482589383200866e+00,3.883972723830769969e+00,3.829249837184840466e+00,2.323939703336003415e+00,3.524607351590501203e+00
2.220036209896178114e+00,1.287374819601240006e+00,3.826367632726856427e-01,3.269670896627526524e+00,1.150228720531047077e+00
2.397139866207964154e+00,2.861684262173941118e+00,5.538459704421377916e-01,9.639725191771775226e-01,2.647523597793945083e+00
2.758260992837036518e+00,3.121655881277126898e+00,3.602234838497549774e+00,3.958195342675590034e+00,1.622377573914762117e+00
3.600338804412641647e+00,2.801766383369671765e+00,2.754237090632820628e+00,5.348717299975475070e-01,2.669840370773588933e+00
1.112661839999379509e+00,7.541163184892104576e-01,2.984338768911989792e+00,2.978632598963210310e+00,2.185747693776260991e+00
2.571847283426400566e+00,4.096167048131638677e-01,3.568865995531798951e+00,1.022583487017544757e+00,2.506687110438379218e+00
3.093742081888029016e+00,2.244006129192642529e+00,3.648717850221930181e+00,3.994343487252030478e+00,1.297916364910004283e+00
3.866536327290537756e+00,7.448031651651985108e-01,3.648509027217242684e-01,3.033172374612081335e+00,1.055523920297243734e+00
3.811423225709451135e+00,1.301809441027071301e+00,3.180036361917631726e+00,1.801452184864877681e+00,2.705807999386696139e+00
9.731987728124384951e-01,3.991857154370542560e+00,2.063618580686616966e-01,1.751143239962901443e+00,3.183167845282984576e+00
2.742407073408680951e+00,8.267145771658925835e-01,6.731282183996001311e-01,2.413548043394848630e+00,1.978343830425459249e+00
1.170652551978740297e+00,1.343600488756995670e+00,3.943035293867901636e+00,3.869312597125235814e-02,2.192402169992394345e+00
1.105820929061666485e-01,9.693086150216808639e-01,1.312004545034071601e+00,1.217967848145524945e+00,3.255074086129195798e+00
3.541876968735481412e+00,2.200894758419045694e+00,8.150574005626316509e-01,6.272189670653774973e-01,2.256668357317169527e+00
3.409908422565019137e+00,1.844356387216330884e+00,2.380078642928456389e+00,3.889680696990588160e+00,1.213121478087818339e+00
3.971451345561439084e+00,2.946165574091960782e+00,2.701500271480879345e+00,1.291189158566827366e+00,3.136253792455869771e+00
2.210543928775616784e+00,3.209643122381379499e+00,3.854393783373272431e+00,3.256275767942662380e+00,2.344136509969610316e+00
2.887449889885520538e+00,2.261221493878954103e+00,2.475025604184077466e+00,8.625845409325473279e-01,2.825853789465255339e+00
7.052901742322688072e-01,2.628033428835126806e+00,1.221900121098381753e+00,7.531532571913708285e-01,3.177940399593035981e+00
2.876796747532180731e+00,3.101436216073671925e+00,2.671080743905814625e+00,1.668451888724086452e+00,3.317627902795834416e+00
3.125096591071929719e+00,2.854628375398710283e+00,3.018690286643419096e+00,3.608806092168971080e+00,1.773334576241507587e+00
2.098482677391392492e+00,3.744308335994587900e+00,2.760256348715025787e+00,3.356754355424110603e+00,2.428274594226426775e+00
2.766360918711864958e+00,1.420251310492777863e+00,3.150809167168852620e-02,1.003715213010537566e+00,1.742758481288078976e+00
1.582996496326699809e+00,3.411180200196439749e+00,2.048147502423001587e+00,9.085697055308160630e-01,3.401084734499305373e+00
8.984476529932052813e-01,1.953921810209191978e+00,1.224574802683889851e+00,3.660590762416196853e+00,1.741531281565341871e+00
9.541411991078881105e-02,9.940254768490127679e-01,3.882207390736326591e+00,3.838326921046906204e+00,1.822432946290958089e+00
2.986515519841633992e+00,8.229966011188446506e-01,2.428164053939138867e-01,2.960748531084870461e+00,1.113886064391614639e+00
2.005215448204639817e+00,3.342753409457464853e-02,3.642623391068245731e+00,1.686459579011281074e+00,2.658724639208987828e+00
2.557400778594736690e-01,2.962517996948514920e+00,2.721118300723758932e+00,4.054264848672136656e-01,3.317536372283437895e+00
1.725911872031324235e+00,5.784357322118083289e-01,1.096693691869145670e+00,2.095099383185094144e+00,2.502405593482040835e+00
2.559590863413722772e+00,2.217410851040064745e+00,8.653577128407884400e-01,3.503661547264123488e+00,1.454795922387603024e+00
3.019503232297589879e+00,1.448369207744382159e-01,1.935082418709932750e-01,1.260598565849921027e+00,1.686900683856985328e+00
1.794291569815056553e+00,2.113231708660621155e+00,3.322790885216371670e+00,1.499146415069594562e+00,3.205139470668933566e+00
1.649054577742292249e+00,7.136545082201122270e-01,7.826180367647259661e-01,3.718556223775074887e+00,9.931972086655743714e-01
2.966100257176565336e+00,1.687282615281481934e+00,1.832173787645632768e+00,2.436469394371800323e+00,2.511603638148054873e+00
9.646727837513018322e-01,1.601582478778073693e+00,3.980020096394681239e+00,1.062903410999638698e+00,3.154323533362660026e+00
9.268529142727390813e-01,2.605902380448851030e+00,2.059513428105647748e+00,1.752021658189406361e+00,3.525152814026076609e+00
2.374643916259396303e-01,1.205112109194113268e+00,3.096413771933331116e+00,1.386282495948793825e+00,3.429929981896020941e+00
2.735671041967272732e+00,4.281760984109320711e-01,3.700033754844302525e+00,3.316718319870846976e+00,1.461648627833921132e+00
2.420288544287581001e+00,2.545174909878571423e+00,3.832273435287426366e+00,3.289288365462559760e+00,2.076560937502792470e+00
7.560308750316453719e-02,3.946995711491591674e+00,2.594280979203321458e+00,2.362630239290445910e+00,4.020639384668487359e+00
1.304299300449409449e+00,2.992008539720182103e+00,3.239812216531321454e+00,1.778672750877279718e+00,3.557158806246679461e+00
7.470481698087718669e-01,2.558886407788964146e+00,2.882758650075190499e+00,3.703444754167015240e+00,2.079837749211296938e+00
2.778027066830713654e+00,5.691023482874224548e-01,1.894422018001697960e+00,2.110032724481484490e+00,2.476610790583765542e+00
2.054532550107391220e+00,3.474869382332223200e+00,3.350682386913896860e-01,3.233239881424848861e+00,1.801894396120439001e+00
1.641837248239990998e+00,2.793538405432281380e+00,1.846790336905088870e+00,1.380661459693846238e+00,3.373878459638382399e+00
1.232868605929083428e+00,1.023334787261033663e+00,2.630741855750451830e+00,2.511846059743267023e+00,2.637098140268752555e+00
3.062242411951275223e+00,2.387333327984318743e+00,3.214843802907343395e+00,9.094474616797292021e-02,2.184408091691830478e+00
6.022510711361759306e-01,3.699487739628688487e-01,9.694275120724665795e-02,2.876971667252015585e+00,1.468040224487287215e+00
3.275341878310119442e-02,3.420678021622439502e+00,2.076883232873394380e+00,4.288315573198290265e-01,3.563685946403317040e+00
3.716624137726460386e+00,3.578565724373552470e+00,6.686288743745002483e-01,3.361661097376751339e+00,1.767421372268114688e+00
2.152169184130691804e+00,9.676256441992414636e-01,1.389013113741579986e+00,3.015530935210161800e+00,1.854892023962123826e+00
2.252343159365403913e-01,3.839030108958260357e+00,8.892282523706963593e-01,2.373848238985187376e+00,3.629641802205382017e+00
1.972824857258709708e+00,2.918063282549862691e+00,5.217273983234501644e-01,3.598378097538177833e+00,1.449069271527121394e+00
2.176427055461017446e+00,3.996857691443952643e+00,2.366791827380998914e+00,3.168460808403032125e+00,2.675371376108644395e+00
3.464989331310563414e-01,3.693351581271932638e+00,1.471990628887638319e+00,2.178811286811196624e+00,3.844593910589262808e+00
3.706410741060118141e+00,3.670614319055390151e+00,1.802200248325042109e+00,1.470998806790441371e+00,3.374319218172349366e+00
2.620261778208526238e+00,1.122731096539054008e+00,3.333734014001308754e+00,1.655926979824017709e+00,2.806318168539997160e+00
1.099858427495543189e+00,1.763197409081309175e+00,2.399755668669804720e+00,2.301435881746065171e+00,3.012121820849865017e+00
1.829071800893448785e+00,2.997411220530127873e-01,1.987952508829294196e+00,1.966848300917246606e-01,1.914179386492616874e+00
9.766755545691191420e-01,3.842984484700464165e+00,3.791433937952049416e+00,1.644025428213799156e+00,3.941872156183245490e+00
1.851352914554530438e+00,5.518589334648362765e-01,7.033751800519936204e-01,8.898266898530554636e-01,2.189329300107851761e+00
2.844181054204105052e+00,3.943025179397244173e+00,2.207436583324537960e+00,2.517912597032131217e+00,3.166308110255342534e+00
2.298988913107677057e+00,1.000240436630089436e+00,1.903144419878026072e+00,2.062517267152193801e-01,1.991168076282084254e+00
3.820887900376293445e+00,1.614225211380352132e+00,1.297735328982446257e+00,1.101316637676218679e+00,2.568183258946250547e+00
6.512510948915205544e-01,2.898081477242743897e+00,2.681133111743783548e+00,6.532205380141367090e-01,3.352586471975267823e+00
3.118804269433526510e+00,2.457228204176436837e+00,1.279697599908277583e+00,3.475346218553827082e+00,1.639857361080402143e+00
2.673056822698412383e+00,1.856351789366514349e-01,3.004375902300625789e+00,3.325472000828488817e+00,1.405972386222359205e+00
2.367221225151420860e+00,9.370053108229483563e-01,2.315338028878869192e+00,3.331499237233941924e-01,2.111890531925899595e+00
1.615774611408487882e+00,4.174861290789687041e-01,2.405864995796476169e+00,5.514094575701989909e-01,2.333677168859833007e+00
6.191648388447706410e-03,3.858162734305594643e+00,2.739314830175954896e+00,2.944007919951411090e+00,3.521819247100170358e+00
1.685554099485143009e+00,7.275323108539047956e-01,2.217746906578689225e-01,2.610163760635059838e+00,1.604690454284379619e+00
8.581779324947612642e-01,1.081361558947954438e-01,2.653206356717741965e+00,3.700991077818689967e-01,2.317947674524754920e+00
2.466131706540006796e+00,1.156981669959905590e+00,1.983625187039300242e+00,3.304479926676683110e+00,1.643162215266678938e+00
3.321926624464329514e+00,1.887301374682044397e+00,1.532214185850898414e+00,2.618973690078636452e+00,2.340125436212962651e+00
2.483823018192190091e+00,8.572900325028153246e-01,2.263247217750542273e+00,3.071893585612148314e+00,1.816301392639778634e+00
2.531035712637815571e+00,1.317279610409034296e+00,3.778467676979982315e+00,3.089632105172432475e+00,1.923899366515501974e+00
3.311176267191173306e+00,1.767988998172858317e-01,2.357838246136350069e+00,2.110182547124909158e-01,1.711818669311321095e+00
3.517040094756611168e+00,3.021170326105828696e+00,1.142637999280999406e+00,1.690842252316422156e+00,3.050200091694391435e+00
1.771908672362812354e+00,3.204883880538734520e+00,1.394609906897312568e+00,3.047850212191946184e+00,2.516961113353195056e+00
1.359623195160557962e+00,3.736036950390746902e+00,2.115800179552035143e+00,8.221831606967588968e-01,3.507553111943211288e+00
2.406231970836624878e+00,3.158882255089751734e+00,1.059067082348964933e-01,1.134511325469676590e+00,2.424577063682403999e+00
2.288394032959420787e+00,2.448768761863775012e+00,7.445704362734787418e-01,2.985573245410166887e-01,2.142841668495026664e+00
1.570533151929765225e-01,3.170886069492146131e+00,1.768169248091386425e+00,8.548870893481679278e-01,3.738607691631623542e+00
1.391488348560391941e+00,3.781947679689779296e+00,1.341867731542398801e+00,4.487996148461961265e-01,3.116580914902237875e+00
3.849741028213575778e+00,1.730040855448218950e+00,6.042529033495634971e-01,1.346731027953449678e+00,2.358824328416583960e+00
1.934374536706601200e+00,3.312353400823553784e+00,5.322503420385488182e-01,3.372505084348680793e+00,1.799044695543936534e+00
2.586066028651052284e-01,3.644501379284598830e+00,3.782699972597126925e-02,4.612399673936117273e-01,2.628621295361128762e+00
9.570184707256195189e-01,1.947651617556114045e+00,2.602680375020041126e+00,2.651505906856700623e+00,2.836194777726645633e+00
5.828272245861453316e-01,1.741003825255311499e+00,2.453873170766087242e+00,9.153799606713453052e-01,3.226113970743082593e+00
2.645879145298482449e+00,3.757443350445359709e+00,5.501342511001362789e-02,3.756908843480375459e+00,1.047940571652568931e+00
1.506210493759406466e-01,2.525218060851726953e+00,1.734804167031370747e+00,2.638295529086497115e+00,3.270039003714378278e+00
2.328415694931720736e+00,1.376322029919519574e+00,2.864174651133166272e+00,2.073294259662338046e+00,2.787896160016978708e+00
2.056842224638832928e+00,1.374768060490463295e+00,2.557393561539558657e+00,2.240601115263457732e+00,2.735004834549701780e+00
1.572795062332166705e+00,3.043759647522298550e+00,2.003817863279806488e+00,6.793065463746582600e-01,3.124794476049446157e+00
2.701805725026171778e+00,7.667718282885436221e-01,9.107365612141778977e-01,2.290826316395496054e+00,2.190492378735263479e+00
2.409076417667304959e+00,3.231528558607449364e-01,1.344257192702422943e+00,3.147033000488732579e+00,1.526945946291185852e+00
2.669636776482789409e-01,9.516179977267655854e-01,3.369710646570224011e+00,1.025587063706252300e+00,3.229172299162213822e+00
1.342466011776514589e+00,1.387597061507381602e+00,1.334153940650385950e+00,1.517510017702079272e+00,2.988610291927524809e+00
3.946529713214592228e+00,2.431144248156290377e+00,2.891370241021466114e+00,2.715041884671194783e+00,2.439795321450639598e+00
2.514931139598609811e+00,3.654044316339787546e+00,8.377019975500904492e-01,5.026141986241110526e-01,2.720825548177491005e+00
7.544120967131829891e-01,1.709611128809947367e+00,1.473791565324751751e+00,1.369227937642993664e+00,3.258246905313083364e+00
3.526809048798095425e+00,2.032060056262400050e+00,2.457721949985433252e+00,1.119944790901741261e+00,2.836944813603667903e+00
3.174603196089570645e+00,2.735923107658884135e+00,1.375528610278117680e+00,1.934699067826443297e+00,3.002051318423629933e+00
1.076727323931851332e+00,2.214660234279392181e+00,1.927231233510363850e+00,3.441779858017029792e+00,2.077637103619450087e+00
1.423939004512446704e+00,2.480422456811200771e+00,9.544613237310323184e-01,1.772440338280420358e+00,3.119754414948072263e+00
4.222953950200171169e-01,3.387949376610165153e+00,3.278398283191212847e-01,2.542500130721983886e+00,2.874750330729157977e+00
9.474567443182009274e-01,1.939844861047538505e+00,3.301398502019247339e+00,2.624365298283493964e+00,2.868999555872575158e+00
1.110261881818002339e+00,2.001750852870356923e+00,2.800110218842352783e+00,2.328490432526187259e+00,3.064636833142261541e+00
